{
	"schemaVersion": 1,
	"id": "lizanami_mod",
	"version": "1.19.3",
	"name": "Lizanami_Mod",
	"description": "This is an example description! Tell everyone what your mod is about!",
	"authors": [
		"Me!"
	],
	"contact": {
		"homepage": "https://fabricmc.net/",
		"sources": "https://github.com/FabricMC/fabric-example-mod"
	},
	"license": "CC0-1.0",
	"icon": "assets/lizanami_mod/icon.png",
	"environment": "*",
	"entrypoints": {
		"main": [
			"name.lizanami_mod.ExampleMod"
		],
		"fabric-datagen": [
			"name.lizanami_mod.ExampleModDataGenerator"
		]
	},
	"mixins": [
		"lizanami_mod.mixins.json"

	],
	"depends": {
		"fabricloader": ">=0.14.21",
		"minecraft": "~1.19.3",
		"java": ">=17",
		"fabric-api": "*"
	},
	"suggests": {
		"another-mod": "*"
	}
}